<?xml version="1.0" encoding="UTF-8"?>
<export version="D">
  <design>
    <source>C:\Users\danie\OneDrive\Documents\PCB Designs\LoRa Shield with SPI Flash\LoRa Shield.sch</source>
    <date>11/25/2019 9:24:30 PM</date>
    <tool>Eeschema (5.1.4)-1</tool>
    <sheet number="1" name="/" tstamps="/">
      <title_block>
        <title/>
        <company/>
        <rev/>
        <date>lun. 30 mars 2015</date>
        <source>LoRa Shield.sch</source>
        <comment number="1" value=""/>
        <comment number="2" value=""/>
        <comment number="3" value=""/>
        <comment number="4" value=""/>
      </title_block>
    </sheet>
  </design>
  <components>
    <comp ref="P1">
      <value>Power</value>
      <footprint>Socket_Arduino_Uno:Socket_Strip_Arduino_1x08</footprint>
      <libsource lib="Connector_Generic" part="Conn_01x08" description="Generic connector, single row, 01x08, script generated (kicad-library-utils/schlib/autogen/connector/)"/>
      <sheetpath names="/" tstamps="/"/>
      <tstamp>56D70129</tstamp>
    </comp>
    <comp ref="P2">
      <value>Analog</value>
      <footprint>Socket_Arduino_Uno:Socket_Strip_Arduino_1x06</footprint>
      <libsource lib="Connector_Generic" part="Conn_01x06" description="Generic connector, single row, 01x06, script generated (kicad-library-utils/schlib/autogen/connector/)"/>
      <sheetpath names="/" tstamps="/"/>
      <tstamp>56D70DD8</tstamp>
    </comp>
    <comp ref="P5">
      <value>CONN_01X01</value>
      <footprint>Socket_Arduino_Uno:Arduino_1pin</footprint>
      <libsource lib="Connector_Generic" part="Conn_01x01" description="Generic connector, single row, 01x01, script generated (kicad-library-utils/schlib/autogen/connector/)"/>
      <sheetpath names="/" tstamps="/"/>
      <tstamp>56D71177</tstamp>
    </comp>
    <comp ref="P6">
      <value>CONN_01X01</value>
      <footprint>Socket_Arduino_Uno:Arduino_1pin</footprint>
      <libsource lib="Connector_Generic" part="Conn_01x01" description="Generic connector, single row, 01x01, script generated (kicad-library-utils/schlib/autogen/connector/)"/>
      <sheetpath names="/" tstamps="/"/>
      <tstamp>56D71274</tstamp>
    </comp>
    <comp ref="P7">
      <value>CONN_01X01</value>
      <footprint>Socket_Arduino_Uno:Arduino_1pin</footprint>
      <libsource lib="Connector_Generic" part="Conn_01x01" description="Generic connector, single row, 01x01, script generated (kicad-library-utils/schlib/autogen/connector/)"/>
      <sheetpath names="/" tstamps="/"/>
      <tstamp>56D712A8</tstamp>
    </comp>
    <comp ref="P8">
      <value>CONN_01X01</value>
      <footprint>Socket_Arduino_Uno:Arduino_1pin</footprint>
      <libsource lib="Connector_Generic" part="Conn_01x01" description="Generic connector, single row, 01x01, script generated (kicad-library-utils/schlib/autogen/connector/)"/>
      <sheetpath names="/" tstamps="/"/>
      <tstamp>56D712DB</tstamp>
    </comp>
    <comp ref="P4">
      <value>Digital</value>
      <footprint>Socket_Arduino_Uno:Socket_Strip_Arduino_1x08</footprint>
      <libsource lib="Connector_Generic" part="Conn_01x08" description="Generic connector, single row, 01x08, script generated (kicad-library-utils/schlib/autogen/connector/)"/>
      <sheetpath names="/" tstamps="/"/>
      <tstamp>56D7164F</tstamp>
    </comp>
    <comp ref="P3">
      <value>Digital</value>
      <footprint>Socket_Arduino_Uno:Socket_Strip_Arduino_1x10</footprint>
      <libsource lib="Connector_Generic" part="Conn_01x10" description="Generic connector, single row, 01x10, script generated (kicad-library-utils/schlib/autogen/connector/)"/>
      <sheetpath names="/" tstamps="/"/>
      <tstamp>56D721E0</tstamp>
    </comp>
    <comp ref="U1">
      <value>E22900M30S</value>
      <footprint>CDEBytes:E22900M30S</footprint>
      <libsource lib="CDEBytes" part="E22900M30S" description=""/>
      <sheetpath names="/" tstamps="/"/>
      <tstamp>5CA02E53</tstamp>
    </comp>
    <comp ref="J1">
      <value>Conn_01x02_MountingPin</value>
      <footprint>Connector_PinHeader_2.54mm:PinHeader_2x01_P2.54mm_Vertical_SMD</footprint>
      <datasheet>~</datasheet>
      <libsource lib="Connector_Generic_MountingPin" part="Conn_01x02_MountingPin" description="Generic connectable mounting pin connector, single row, 01x02, script generated (kicad-library-utils/schlib/autogen/connector/)"/>
      <sheetpath names="/" tstamps="/"/>
      <tstamp>5CA29363</tstamp>
    </comp>
    <comp ref="C1">
      <value>10 uF</value>
      <footprint>Capacitor_SMD:C_0603_1608Metric</footprint>
      <datasheet>~</datasheet>
      <fields>
        <field name="LCSC">C19702 </field>
      </fields>
      <libsource lib="Device" part="CP" description="Polarized capacitor"/>
      <sheetpath names="/" tstamps="/"/>
      <tstamp>5CA395B6</tstamp>
    </comp>
    <comp ref="C2">
      <value>1 uF</value>
      <footprint>Capacitor_SMD:C_0603_1608Metric</footprint>
      <datasheet>~</datasheet>
      <fields>
        <field name="LCSC">C15849 </field>
      </fields>
      <libsource lib="Device" part="CP" description="Polarized capacitor"/>
      <sheetpath names="/" tstamps="/"/>
      <tstamp>5CA39620</tstamp>
    </comp>
    <comp ref="J4">
      <value>Conn_Coaxial</value>
      <footprint>Connector_Coaxial:SMA_Amphenol_132289_EdgeMount</footprint>
      <datasheet> ~</datasheet>
      <libsource lib="Connector" part="Conn_Coaxial" description="coaxial connector (BNC, SMA, SMB, SMC, Cinch/RCA, ...)"/>
      <sheetpath names="/" tstamps="/"/>
      <tstamp>5CA53BE7</tstamp>
    </comp>
    <comp ref="C3">
      <value>10 uF</value>
      <footprint>Capacitor_SMD:C_0603_1608Metric</footprint>
      <datasheet>~</datasheet>
      <fields>
        <field name="LCSC">C19702 </field>
      </fields>
      <libsource lib="Device" part="CP" description="Polarized capacitor"/>
      <sheetpath names="/" tstamps="/"/>
      <tstamp>5D697E63</tstamp>
    </comp>
    <comp ref="C4">
      <value>1 uF</value>
      <footprint>Capacitor_SMD:C_0603_1608Metric</footprint>
      <datasheet>~</datasheet>
      <fields>
        <field name="LCSC">C15849 </field>
      </fields>
      <libsource lib="Device" part="CP" description="Polarized capacitor"/>
      <sheetpath names="/" tstamps="/"/>
      <tstamp>5D697E69</tstamp>
    </comp>
    <comp ref="C5">
      <value>0.1 uF</value>
      <footprint>Capacitor_SMD:C_0603_1608Metric</footprint>
      <datasheet>~</datasheet>
      <fields>
        <field name="LCSC">C14663 </field>
      </fields>
      <libsource lib="Device" part="CP" description="Polarized capacitor"/>
      <sheetpath names="/" tstamps="/"/>
      <tstamp>5D6B2AD3</tstamp>
    </comp>
    <comp ref="C6">
      <value>0.1 uF</value>
      <footprint>Capacitor_SMD:C_0603_1608Metric</footprint>
      <datasheet>~</datasheet>
      <fields>
        <field name="LCSC">C14663 </field>
      </fields>
      <libsource lib="Device" part="CP" description="Polarized capacitor"/>
      <sheetpath names="/" tstamps="/"/>
      <tstamp>5D6C3375</tstamp>
    </comp>
    <comp ref="C7">
      <value>10 uF</value>
      <footprint>Capacitor_SMD:C_0603_1608Metric</footprint>
      <datasheet>~</datasheet>
      <fields>
        <field name="LCSC">C19702 </field>
      </fields>
      <libsource lib="Device" part="CP" description="Polarized capacitor"/>
      <sheetpath names="/" tstamps="/"/>
      <tstamp>5D77DBA7</tstamp>
    </comp>
    <comp ref="C8">
      <value>10 uF</value>
      <footprint>Capacitor_SMD:C_0603_1608Metric</footprint>
      <datasheet>~</datasheet>
      <fields>
        <field name="LCSC">C19702</field>
      </fields>
      <libsource lib="Device" part="CP" description="Polarized capacitor"/>
      <sheetpath names="/" tstamps="/"/>
      <tstamp>5D7EABFE</tstamp>
    </comp>
    <comp ref="U4">
      <value>W25Q32JVZP</value>
      <footprint>Package_SO:SOIC-8_5.275x5.275mm_P1.27mm</footprint>
      <datasheet>http://www.winbond.com/resource-files/w25q32jv%20revg%2003272018%20plus.pdf</datasheet>
      <fields>
        <field name="LCSC">C97521 </field>
      </fields>
      <libsource lib="Memory_Flash" part="W25Q32JVZP" description="32Mb Serial Flash Memory, Standard/Dual/Quad SPI, DFN-8"/>
      <sheetpath names="/" tstamps="/"/>
      <tstamp>5D695FFB</tstamp>
    </comp>
    <comp ref="J2">
      <value>USB_B_Mini</value>
      <footprint>Connector_USB:USB_Mini-B_Lumberg_2486_01_Horizontal</footprint>
      <datasheet>~</datasheet>
      <libsource lib="Connector" part="USB_B_Mini" description="USB Mini Type B connector"/>
      <sheetpath names="/" tstamps="/"/>
      <tstamp>5DCDCEF0</tstamp>
    </comp>
    <comp ref="J3">
      <value>Screw_Terminal_01x02</value>
      <footprint>TerminalBlock_Phoenix:TerminalBlock_Phoenix_MKDS-1,5-2_1x02_P5.00mm_Horizontal</footprint>
      <datasheet>~</datasheet>
      <libsource lib="Connector" part="Screw_Terminal_01x02" description="Generic screw terminal, single row, 01x02, script generated (kicad-library-utils/schlib/autogen/connector/)"/>
      <sheetpath names="/" tstamps="/"/>
      <tstamp>5DD6A51A</tstamp>
    </comp>
    <comp ref="C9">
      <value>0.1 uF</value>
      <footprint>Capacitor_SMD:C_0603_1608Metric</footprint>
      <datasheet>~</datasheet>
      <fields>
        <field name="LCSC">C14663 </field>
      </fields>
      <libsource lib="Device" part="CP" description="Polarized capacitor"/>
      <sheetpath names="/" tstamps="/"/>
      <tstamp>5DDB5E62</tstamp>
    </comp>
    <comp ref="C10">
      <value>0.1 uF</value>
      <footprint>Capacitor_SMD:C_0603_1608Metric</footprint>
      <datasheet>C14663 </datasheet>
      <libsource lib="Device" part="CP" description="Polarized capacitor"/>
      <sheetpath names="/" tstamps="/"/>
      <tstamp>5DE6BA50</tstamp>
    </comp>
    <comp ref="U101">
      <value>AO3401A</value>
      <footprint>Package_TO_SOT_SMD:SOT-23</footprint>
      <fields>
        <field name="LCSC">C15127 </field>
      </fields>
      <libsource lib="JLCPCB" part="AO3401A" description=""/>
      <sheetpath names="/" tstamps="/"/>
      <tstamp>5DD7D6C4</tstamp>
    </comp>
    <comp ref="D101">
      <value>D_Zener</value>
      <footprint>Diode_SMD:D_MiniMELF</footprint>
      <datasheet>~</datasheet>
      <fields>
        <field name="LCSC">C8062 </field>
      </fields>
      <libsource lib="Device" part="D_Zener" description="Zener diode"/>
      <sheetpath names="/" tstamps="/"/>
      <tstamp>5DD79AB0</tstamp>
    </comp>
    <comp ref="D102">
      <value>D_Zener</value>
      <footprint>Diode_SMD:D_0603_1608Metric</footprint>
      <datasheet>~</datasheet>
      <libsource lib="Device" part="D_Zener" description="Zener diode"/>
      <sheetpath names="/" tstamps="/"/>
      <tstamp>5DD988EE</tstamp>
    </comp>
    <comp ref="U102">
      <value>AO3401A</value>
      <footprint>Package_TO_SOT_SMD:SOT-23</footprint>
      <fields>
        <field name="LCSC">C15127 </field>
      </fields>
      <libsource lib="JLCPCB" part="AO3401A" description=""/>
      <sheetpath names="/" tstamps="/"/>
      <tstamp>5DDD2064</tstamp>
    </comp>
    <comp ref="R101">
      <value>4.7K</value>
      <footprint>Diode_SMD:D_0603_1608Metric</footprint>
      <datasheet>~</datasheet>
      <fields>
        <field name="LCSC">C23162 </field>
      </fields>
      <libsource lib="Device" part="R" description="Resistor"/>
      <sheetpath names="/" tstamps="/"/>
      <tstamp>5DE21166</tstamp>
    </comp>
    <comp ref="U104">
      <value>SRV05-4</value>
      <footprint>Package_TO_SOT_SMD:SOT-23-6</footprint>
      <datasheet>http://www.onsemi.com/pub/Collateral/SRV05-4-D.PDF</datasheet>
      <fields>
        <field name="LCSC">C85364 </field>
      </fields>
      <libsource lib="Power_Protection" part="SRV05-4" description="ESD Protection Diodes with Low Clamping Voltage, SOT-23-6"/>
      <sheetpath names="/" tstamps="/"/>
      <tstamp>5DEA2C4B</tstamp>
    </comp>
    <comp ref="U106">
      <value>SRV05-4</value>
      <footprint>Package_TO_SOT_SMD:SOT-23-6</footprint>
      <datasheet>http://www.onsemi.com/pub/Collateral/SRV05-4-D.PDF</datasheet>
      <fields>
        <field name="LCSC">C85364 </field>
      </fields>
      <libsource lib="Power_Protection" part="SRV05-4" description="ESD Protection Diodes with Low Clamping Voltage, SOT-23-6"/>
      <sheetpath names="/" tstamps="/"/>
      <tstamp>5DF661EE</tstamp>
    </comp>
    <comp ref="U105">
      <value>SRV05-4</value>
      <footprint>Package_TO_SOT_SMD:SOT-23-6</footprint>
      <datasheet>http://www.onsemi.com/pub/Collateral/SRV05-4-D.PDF</datasheet>
      <fields>
        <field name="LCSC">C85364 </field>
      </fields>
      <libsource lib="Power_Protection" part="SRV05-4" description="ESD Protection Diodes with Low Clamping Voltage, SOT-23-6"/>
      <sheetpath names="/" tstamps="/"/>
      <tstamp>5DFACABF</tstamp>
    </comp>
    <comp ref="U107">
      <value>SRV05-4</value>
      <footprint>Package_TO_SOT_SMD:SOT-23-6</footprint>
      <datasheet>http://www.onsemi.com/pub/Collateral/SRV05-4-D.PDF</datasheet>
      <fields>
        <field name="LCSC">C85364 </field>
      </fields>
      <libsource lib="Power_Protection" part="SRV05-4" description="ESD Protection Diodes with Low Clamping Voltage, SOT-23-6"/>
      <sheetpath names="/" tstamps="/"/>
      <tstamp>5E03301D</tstamp>
    </comp>
    <comp ref="U103">
      <value>AO3401</value>
      <footprint>Package_TO_SOT_SMD:SOT-23</footprint>
      <fields>
        <field name="LCSC">C20917 </field>
      </fields>
      <libsource lib="JLCPCB" part="AO3401" description=""/>
      <sheetpath names="/" tstamps="/"/>
      <tstamp>5DDB39F1</tstamp>
    </comp>
  </components>
  <libparts>
    <libpart lib="CDEBytes" part="E22900M30S">
      <fields>
        <field name="Reference">U</field>
        <field name="Value">E22900M30S</field>
      </fields>
      <pins>
        <pin num="1" name="GND" type="power_in"/>
        <pin num="2" name="GND" type="power_in"/>
        <pin num="3" name="GND" type="power_in"/>
        <pin num="4" name="GND" type="power_in"/>
        <pin num="5" name="GND" type="power_in"/>
        <pin num="6" name="RXEN" type="input"/>
        <pin num="7" name="TXEN" type="input"/>
        <pin num="8" name="DIO2" type="BiDi"/>
        <pin num="9" name="VCC" type="power_in"/>
        <pin num="10" name="VCC" type="power_in"/>
        <pin num="11" name="GND" type="power_in"/>
        <pin num="12" name="GND" type="power_in"/>
        <pin num="13" name="ANT" type="BiDi"/>
        <pin num="14" name="GND" type="power_in"/>
        <pin num="15" name="NSS" type="input"/>
        <pin num="16" name="SCK" type="input"/>
        <pin num="17" name="MOSI" type="input"/>
        <pin num="18" name="MISO" type="output"/>
        <pin num="19" name="NRST" type="input"/>
        <pin num="20" name="BUSY" type="output"/>
        <pin num="21" name="DIO1" type="BiDi"/>
        <pin num="22" name="GND" type="power_in"/>
      </pins>
    </libpart>
    <libpart lib="Connector" part="Conn_Coaxial">
      <description>coaxial connector (BNC, SMA, SMB, SMC, Cinch/RCA, ...)</description>
      <docs> ~</docs>
      <footprints>
        <fp>*BNC*</fp>
        <fp>*SMA*</fp>
        <fp>*SMB*</fp>
        <fp>*SMC*</fp>
        <fp>*Cinch*</fp>
      </footprints>
      <fields>
        <field name="Reference">J</field>
        <field name="Value">Conn_Coaxial</field>
      </fields>
      <pins>
        <pin num="1" name="In" type="passive"/>
        <pin num="2" name="Ext" type="passive"/>
      </pins>
    </libpart>
    <libpart lib="Connector" part="Screw_Terminal_01x02">
      <description>Generic screw terminal, single row, 01x02, script generated (kicad-library-utils/schlib/autogen/connector/)</description>
      <docs>~</docs>
      <footprints>
        <fp>TerminalBlock*:*</fp>
      </footprints>
      <fields>
        <field name="Reference">J</field>
        <field name="Value">Screw_Terminal_01x02</field>
      </fields>
      <pins>
        <pin num="1" name="Pin_1" type="passive"/>
        <pin num="2" name="Pin_2" type="passive"/>
      </pins>
    </libpart>
    <libpart lib="Connector" part="USB_B_Micro">
      <aliases>
        <alias>USB_B_Mini</alias>
      </aliases>
      <description>USB Micro Type B connector</description>
      <docs>~</docs>
      <footprints>
        <fp>USB*</fp>
      </footprints>
      <fields>
        <field name="Reference">J</field>
        <field name="Value">USB_B_Micro</field>
      </fields>
      <pins>
        <pin num="1" name="VBUS" type="power_out"/>
        <pin num="2" name="D-" type="passive"/>
        <pin num="3" name="D+" type="passive"/>
        <pin num="4" name="ID" type="passive"/>
        <pin num="5" name="GND" type="power_out"/>
        <pin num="6" name="Shield" type="passive"/>
      </pins>
    </libpart>
    <libpart lib="Connector_Generic" part="Conn_01x01">
      <description>Generic connector, single row, 01x01, script generated (kicad-library-utils/schlib/autogen/connector/)</description>
      <docs>~</docs>
      <footprints>
        <fp>Connector*:*_1x??_*</fp>
      </footprints>
      <fields>
        <field name="Reference">J</field>
        <field name="Value">Conn_01x01</field>
      </fields>
      <pins>
        <pin num="1" name="Pin_1" type="passive"/>
      </pins>
    </libpart>
    <libpart lib="Connector_Generic" part="Conn_01x06">
      <description>Generic connector, single row, 01x06, script generated (kicad-library-utils/schlib/autogen/connector/)</description>
      <docs>~</docs>
      <footprints>
        <fp>Connector*:*_1x??_*</fp>
      </footprints>
      <fields>
        <field name="Reference">J</field>
        <field name="Value">Conn_01x06</field>
      </fields>
      <pins>
        <pin num="1" name="Pin_1" type="passive"/>
        <pin num="2" name="Pin_2" type="passive"/>
        <pin num="3" name="Pin_3" type="passive"/>
        <pin num="4" name="Pin_4" type="passive"/>
        <pin num="5" name="Pin_5" type="passive"/>
        <pin num="6" name="Pin_6" type="passive"/>
      </pins>
    </libpart>
    <libpart lib="Connector_Generic" part="Conn_01x08">
      <description>Generic connector, single row, 01x08, script generated (kicad-library-utils/schlib/autogen/connector/)</description>
      <docs>~</docs>
      <footprints>
        <fp>Connector*:*_1x??_*</fp>
      </footprints>
      <fields>
        <field name="Reference">J</field>
        <field name="Value">Conn_01x08</field>
      </fields>
      <pins>
        <pin num="1" name="Pin_1" type="passive"/>
        <pin num="2" name="Pin_2" type="passive"/>
        <pin num="3" name="Pin_3" type="passive"/>
        <pin num="4" name="Pin_4" type="passive"/>
        <pin num="5" name="Pin_5" type="passive"/>
        <pin num="6" name="Pin_6" type="passive"/>
        <pin num="7" name="Pin_7" type="passive"/>
        <pin num="8" name="Pin_8" type="passive"/>
      </pins>
    </libpart>
    <libpart lib="Connector_Generic" part="Conn_01x10">
      <description>Generic connector, single row, 01x10, script generated (kicad-library-utils/schlib/autogen/connector/)</description>
      <docs>~</docs>
      <footprints>
        <fp>Connector*:*_1x??_*</fp>
      </footprints>
      <fields>
        <field name="Reference">J</field>
        <field name="Value">Conn_01x10</field>
      </fields>
      <pins>
        <pin num="1" name="Pin_1" type="passive"/>
        <pin num="2" name="Pin_2" type="passive"/>
        <pin num="3" name="Pin_3" type="passive"/>
        <pin num="4" name="Pin_4" type="passive"/>
        <pin num="5" name="Pin_5" type="passive"/>
        <pin num="6" name="Pin_6" type="passive"/>
        <pin num="7" name="Pin_7" type="passive"/>
        <pin num="8" name="Pin_8" type="passive"/>
        <pin num="9" name="Pin_9" type="passive"/>
        <pin num="10" name="Pin_10" type="passive"/>
      </pins>
    </libpart>
    <libpart lib="Connector_Generic_MountingPin" part="Conn_01x02_MountingPin">
      <description>Generic connectable mounting pin connector, single row, 01x02, script generated (kicad-library-utils/schlib/autogen/connector/)</description>
      <docs>~</docs>
      <footprints>
        <fp>Connector*:*_1x??-1MP*</fp>
      </footprints>
      <fields>
        <field name="Reference">J</field>
        <field name="Value">Conn_01x02_MountingPin</field>
      </fields>
      <pins>
        <pin num="1" name="Pin_1" type="passive"/>
        <pin num="2" name="Pin_2" type="passive"/>
        <pin num="MP" name="MountPin" type="passive"/>
      </pins>
    </libpart>
    <libpart lib="Device" part="CP">
      <description>Polarized capacitor</description>
      <docs>~</docs>
      <footprints>
        <fp>CP_*</fp>
      </footprints>
      <fields>
        <field name="Reference">C</field>
        <field name="Value">CP</field>
      </fields>
      <pins>
        <pin num="1" name="~" type="passive"/>
        <pin num="2" name="~" type="passive"/>
      </pins>
    </libpart>
    <libpart lib="Device" part="D_Zener">
      <description>Zener diode</description>
      <docs>~</docs>
      <footprints>
        <fp>TO-???*</fp>
        <fp>*_Diode_*</fp>
        <fp>*SingleDiode*</fp>
        <fp>D_*</fp>
      </footprints>
      <fields>
        <field name="Reference">D</field>
        <field name="Value">D_Zener</field>
      </fields>
      <pins>
        <pin num="1" name="K" type="passive"/>
        <pin num="2" name="A" type="passive"/>
      </pins>
    </libpart>
    <libpart lib="Device" part="R">
      <description>Resistor</description>
      <docs>~</docs>
      <footprints>
        <fp>R_*</fp>
      </footprints>
      <fields>
        <field name="Reference">R</field>
        <field name="Value">R</field>
      </fields>
      <pins>
        <pin num="1" name="~" type="passive"/>
        <pin num="2" name="~" type="passive"/>
      </pins>
    </libpart>
    <libpart lib="JLCPCB" part="AO3401">
      <fields>
        <field name="Reference">U</field>
        <field name="Value">AO3401</field>
      </fields>
      <pins>
        <pin num="1" name="Gate" type="input"/>
        <pin num="2" name="Source" type="output"/>
        <pin num="3" name="Drain" type="input"/>
      </pins>
    </libpart>
    <libpart lib="JLCPCB" part="AO3401A">
      <fields>
        <field name="Reference">U</field>
        <field name="Value">AO3401A</field>
      </fields>
      <pins>
        <pin num="1" name="Gate" type="input"/>
        <pin num="2" name="Source" type="output"/>
        <pin num="3" name="Drain" type="input"/>
      </pins>
    </libpart>
    <libpart lib="Memory_Flash" part="W25Q32JVZP">
      <description>32Mb Serial Flash Memory, Standard/Dual/Quad SPI, DFN-8</description>
      <docs>http://www.winbond.com/resource-files/w25q32jv%20revg%2003272018%20plus.pdf</docs>
      <footprints>
        <fp>WSON*1EP*6x5mm*P1.27mm*</fp>
      </footprints>
      <fields>
        <field name="Reference">U</field>
        <field name="Value">W25Q32JVZP</field>
        <field name="Footprint">Package_SON:WSON-8-1EP_6x5mm_P1.27mm_EP3.4x4.3mm</field>
      </fields>
      <pins>
        <pin num="1" name="~CS" type="input"/>
        <pin num="2" name="DO(IO1)" type="BiDi"/>
        <pin num="3" name="IO2" type="BiDi"/>
        <pin num="4" name="GND" type="power_in"/>
        <pin num="5" name="DI(IO0)" type="BiDi"/>
        <pin num="6" name="CLK" type="input"/>
        <pin num="7" name="IO3" type="BiDi"/>
        <pin num="8" name="VCC" type="power_in"/>
        <pin num="9" name="EP" type="passive"/>
      </pins>
    </libpart>
    <libpart lib="Power_Protection" part="SRV05-4">
      <description>ESD Protection Diodes with Low Clamping Voltage, SOT-23-6</description>
      <docs>http://www.onsemi.com/pub/Collateral/SRV05-4-D.PDF</docs>
      <footprints>
        <fp>SOT?23*</fp>
      </footprints>
      <fields>
        <field name="Reference">U</field>
        <field name="Value">SRV05-4</field>
        <field name="Footprint">Package_TO_SOT_SMD:SOT-23-6</field>
      </fields>
      <pins>
        <pin num="1" name="IO1" type="passive"/>
        <pin num="2" name="VN" type="passive"/>
        <pin num="3" name="IO2" type="passive"/>
        <pin num="4" name="IO3" type="passive"/>
        <pin num="5" name="VP" type="passive"/>
        <pin num="6" name="IO4" type="passive"/>
      </pins>
    </libpart>
  </libparts>
  <libraries>
    <library logical="CDEBytes">
      <uri>C:\Users\danie\OneDrive\Documents\PCB Designs\LoRa Shield with SPI Flash/CDEBytes.lib</uri>
    </library>
    <library logical="Connector">
      <uri>C:\Program Files\KiCad\share\kicad\library/Connector.lib</uri>
    </library>
    <library logical="Connector_Generic">
      <uri>C:\Program Files\KiCad\share\kicad\library/Connector_Generic.lib</uri>
    </library>
    <library logical="Connector_Generic_MountingPin">
      <uri>C:\Program Files\KiCad\share\kicad\library/Connector_Generic_MountingPin.lib</uri>
    </library>
    <library logical="Device">
      <uri>C:\Program Files\KiCad\share\kicad\library/Device.lib</uri>
    </library>
    <library logical="JLCPCB">
      <uri>C:\Users\danie\OneDrive\Documents\PCB Designs\LoRa Shield with SPI Flash/JLCPCB.lib</uri>
    </library>
    <library logical="Memory_Flash">
      <uri>C:\Program Files\KiCad\share\kicad\library/Memory_Flash.lib</uri>
    </library>
    <library logical="Power_Protection">
      <uri>C:\Program Files\KiCad\share\kicad\library/Power_Protection.lib</uri>
    </library>
  </libraries>
  <nets>
    <net code="1" name="MISO">
      <node ref="P3" pin="6"/>
      <node ref="U1" pin="18"/>
      <node ref="U104" pin="3"/>
      <node ref="U4" pin="2"/>
    </net>
    <net code="2" name="/A3">
      <node ref="P2" pin="4"/>
    </net>
    <net code="3" name="IO2_F">
      <node ref="U107" pin="6"/>
      <node ref="U4" pin="3"/>
      <node ref="P3" pin="9"/>
    </net>
    <net code="4" name="IO3_F">
      <node ref="P2" pin="3"/>
      <node ref="U4" pin="7"/>
      <node ref="U105" pin="6"/>
    </net>
    <net code="5" name="SCK">
      <node ref="U1" pin="16"/>
      <node ref="U4" pin="6"/>
      <node ref="U104" pin="1"/>
      <node ref="P3" pin="5"/>
    </net>
    <net code="6" name="MOSI">
      <node ref="U1" pin="17"/>
      <node ref="U104" pin="4"/>
      <node ref="P3" pin="7"/>
      <node ref="U4" pin="5"/>
    </net>
    <net code="7" name="GND">
      <node ref="D102" pin="2"/>
      <node ref="P3" pin="4"/>
      <node ref="U1" pin="2"/>
      <node ref="U1" pin="5"/>
      <node ref="U103" pin="3"/>
      <node ref="U107" pin="2"/>
      <node ref="U105" pin="2"/>
      <node ref="C10" pin="2"/>
      <node ref="D101" pin="2"/>
      <node ref="U1" pin="4"/>
      <node ref="C2" pin="2"/>
      <node ref="C1" pin="2"/>
      <node ref="C4" pin="2"/>
      <node ref="C3" pin="2"/>
      <node ref="J4" pin="2"/>
      <node ref="U1" pin="3"/>
      <node ref="U1" pin="22"/>
      <node ref="U1" pin="14"/>
      <node ref="U1" pin="12"/>
      <node ref="U1" pin="11"/>
      <node ref="U1" pin="1"/>
      <node ref="P1" pin="7"/>
      <node ref="P1" pin="6"/>
      <node ref="C7" pin="2"/>
      <node ref="C5" pin="2"/>
      <node ref="C8" pin="2"/>
      <node ref="J3" pin="1"/>
      <node ref="C9" pin="2"/>
      <node ref="U106" pin="2"/>
      <node ref="J2" pin="5"/>
      <node ref="U4" pin="9"/>
      <node ref="J2" pin="6"/>
      <node ref="U4" pin="4"/>
      <node ref="U104" pin="2"/>
      <node ref="C6" pin="2"/>
    </net>
    <net code="8" name="FLASH_PWR_CTL">
      <node ref="U105" pin="1"/>
      <node ref="U101" pin="1"/>
      <node ref="P2" pin="1"/>
    </net>
    <net code="9" name="Net-(J2-Pad4)">
      <node ref="J2" pin="4"/>
    </net>
    <net code="10" name="Net-(J2-Pad3)">
      <node ref="J2" pin="3"/>
    </net>
    <net code="11" name="Net-(J2-Pad2)">
      <node ref="J2" pin="2"/>
    </net>
    <net code="12" name="NSS_F">
      <node ref="U107" pin="4"/>
      <node ref="U4" pin="1"/>
      <node ref="P3" pin="10"/>
    </net>
    <net code="13" name="+3V3">
      <node ref="C5" pin="1"/>
      <node ref="C4" pin="1"/>
      <node ref="C3" pin="1"/>
      <node ref="U4" pin="8"/>
      <node ref="U106" pin="5"/>
      <node ref="U101" pin="3"/>
    </net>
    <net code="14" name="DIO1">
      <node ref="U106" pin="4"/>
      <node ref="U1" pin="21"/>
      <node ref="P4" pin="3"/>
    </net>
    <net code="15" name="NRST">
      <node ref="U106" pin="3"/>
      <node ref="P4" pin="5"/>
      <node ref="U1" pin="19"/>
    </net>
    <net code="16" name="BUSY">
      <node ref="U1" pin="20"/>
      <node ref="P4" pin="6"/>
      <node ref="U106" pin="1"/>
    </net>
    <net code="17" name="DIO2">
      <node ref="U106" pin="6"/>
      <node ref="P4" pin="4"/>
      <node ref="U1" pin="8"/>
    </net>
    <net code="18" name="NSS">
      <node ref="U1" pin="15"/>
      <node ref="U104" pin="6"/>
      <node ref="P3" pin="8"/>
    </net>
    <net code="19" name="Net-(U104-Pad5)">
      <node ref="U104" pin="5"/>
    </net>
    <net code="20" name="Net-(R101-Pad2)">
      <node ref="U103" pin="2"/>
      <node ref="U102" pin="1"/>
      <node ref="R101" pin="2"/>
    </net>
    <net code="21" name="Net-(U107-Pad5)">
      <node ref="U107" pin="5"/>
    </net>
    <net code="22" name="+5P">
      <node ref="C2" pin="1"/>
      <node ref="C1" pin="1"/>
      <node ref="U1" pin="9"/>
      <node ref="U102" pin="3"/>
      <node ref="U1" pin="10"/>
      <node ref="C6" pin="1"/>
    </net>
    <net code="23" name="+5VP">
      <node ref="U102" pin="2"/>
      <node ref="J1" pin="1"/>
      <node ref="J2" pin="1"/>
      <node ref="C8" pin="1"/>
      <node ref="D101" pin="1"/>
      <node ref="C10" pin="1"/>
      <node ref="J3" pin="2"/>
      <node ref="R101" pin="1"/>
    </net>
    <net code="24" name="RADIO_PWR_CTL">
      <node ref="P2" pin="2"/>
      <node ref="U103" pin="1"/>
      <node ref="U105" pin="3"/>
    </net>
    <net code="25" name="TXEN">
      <node ref="P4" pin="2"/>
      <node ref="U107" pin="3"/>
      <node ref="U1" pin="7"/>
    </net>
    <net code="26" name="RXEN">
      <node ref="P4" pin="1"/>
      <node ref="U1" pin="6"/>
      <node ref="U107" pin="1"/>
    </net>
    <net code="27" name="Net-(U105-Pad5)">
      <node ref="U105" pin="5"/>
    </net>
    <net code="28" name="Net-(U105-Pad4)">
      <node ref="U105" pin="4"/>
    </net>
    <net code="29" name="+3.3VP">
      <node ref="C7" pin="1"/>
      <node ref="P1" pin="4"/>
      <node ref="U101" pin="2"/>
      <node ref="C9" pin="1"/>
    </net>
    <net code="30" name="ANT">
      <node ref="J4" pin="1"/>
      <node ref="D102" pin="1"/>
      <node ref="U1" pin="13"/>
    </net>
    <net code="31" name="TX">
      <node ref="P4" pin="7"/>
    </net>
    <net code="32" name="RX">
      <node ref="P4" pin="8"/>
    </net>
    <net code="33" name="/A5_1(SCL)">
      <node ref="P3" pin="1"/>
    </net>
    <net code="34" name="/A4_1(SDA)">
      <node ref="P3" pin="2"/>
    </net>
    <net code="35" name="/AREF">
      <node ref="P3" pin="3"/>
    </net>
    <net code="36" name="/A5(SCL)">
      <node ref="P2" pin="6"/>
    </net>
    <net code="37" name="/Reset">
      <node ref="P1" pin="3"/>
    </net>
    <net code="38" name="+5V">
      <node ref="J1" pin="2"/>
      <node ref="P1" pin="5"/>
    </net>
    <net code="39" name="Net-(P5-Pad1)">
      <node ref="P5" pin="1"/>
    </net>
    <net code="40" name="/IOREF">
      <node ref="P1" pin="2"/>
    </net>
    <net code="41" name="Net-(P1-Pad1)">
      <node ref="P1" pin="1"/>
    </net>
    <net code="42" name="/A4(SDA)">
      <node ref="P2" pin="5"/>
    </net>
    <net code="43" name="/Vin">
      <node ref="P1" pin="8"/>
    </net>
    <net code="44" name="Net-(P8-Pad1)">
      <node ref="P8" pin="1"/>
    </net>
    <net code="45" name="Net-(P7-Pad1)">
      <node ref="P7" pin="1"/>
    </net>
    <net code="46" name="Net-(P6-Pad1)">
      <node ref="P6" pin="1"/>
    </net>
    <net code="47" name="Net-(J1-PadMP)">
      <node ref="J1" pin="MP"/>
    </net>
  </nets>
</export>
