"Id";"Designator";"Package";"Quantity";"Designation";"Supplier and ref";
1;"J102";"PinSocket_1x07_P2.54mm_Vertical";1;"Conn_01x07";;;
2;"D102";"D_0603_1608Metric";1;"D_Zener";;;
3;"REF**,REF**,REF**";"Fiducial_1.5mm_Mask3mm";3;"Fiducial_1.5mm_Mask3mm";;;
4;"P1";"Socket_Strip_Arduino_1x08";1;"Power";;;
5;"P2";"Socket_Strip_Arduino_1x06";1;"Analog";;;
6;"P3";"Socket_Strip_Arduino_1x10";1;"Digital";;;
7;"P4";"Socket_Strip_Arduino_1x08";1;"Digital";;;
8;"P5,P6,P7,P8";"Arduino_1pin";4;"CONN_01X01";;;
9;"U1";"E22900M30S";1;"E22900M30S";;;
10;"J4";"SMA_Amphenol_132289_EdgeMount";1;"Conn_Coaxial";;;
11;"U4";"SOIC-8_5.275x5.275mm_P1.27mm";1;"W25Q32JVZP";;;
12;"J2";"USB_Mini-B_Lumberg_2486_01_Horizontal";1;"USB_B_Mini";;;
13;"J3";"TerminalBlock_Phoenix_MKDS-1,5-2_1x02_P5.00mm_Horizontal";1;"Screw_Terminal_01x02";;;
14;"J1,J101";"PinHeader_2x01_P2.54mm_Vertical_SMD";2;"Conn_01x02_MountingPin";;;
15;"C1,C3,C101";"C_0603_1608Metric";3;"10 uF";;;
16;"C2,C4,C102";"C_0603_1608Metric";3;"1 uF";;;
17;"C5,C6,C103";"C_0603_1608Metric";3;"0.1 uF";;;
18;"D101,D103";"D_MiniMELF";2;"D_Zener";;;
19;"U104,U105,U106,U107,U108,U109,U101";"SOT-23-6";7;"SRV05-4";;;
20;"R104";"R_1206_3216Metric";1;"0";;;
21;"BT101";"BatteryHolder_Keystone_3000_1x12mm";1;"Battery_Cell";;;
22;"J103";"PinHeader_1x04_P2.54mm_Vertical";1;"Conn_01x04";;;
23;"R102,R105";"R_0603_1608Metric";2;"10K";;;
24;"D104";"D_SMA";1;"D";;;
