"Id";"Designator";"Package";"Quantity";"Designation";"Supplier and ref";
1;"D102";"D_0603_1608Metric";1;"D_Zener";;;
2;"REF**,REF**,REF**";"Fiducial_1.5mm_Mask3mm";3;"Fiducial_1.5mm_Mask3mm";;;
3;"P1";"Socket_Strip_Arduino_1x08";1;"Power";;;
4;"P2";"Socket_Strip_Arduino_1x06";1;"Analog";;;
5;"P3";"Socket_Strip_Arduino_1x10";1;"Digital";;;
6;"P4";"Socket_Strip_Arduino_1x08";1;"Digital";;;
7;"P5,P6,P7,P8";"Arduino_1pin";4;"CONN_01X01";;;
8;"U1";"E22900M30S";1;"E22900M30S";;;
9;"J4";"SMA_Amphenol_132289_EdgeMount";1;"Conn_Coaxial";;;
10;"U4";"SOIC-8_5.275x5.275mm_P1.27mm";1;"W25Q32JVZP";;;
11;"J2";"USB_Mini-B_Lumberg_2486_01_Horizontal";1;"USB_B_Mini";;;
12;"J3";"TerminalBlock_Phoenix_MKDS-1,5-2_1x02_P5.00mm_Horizontal";1;"Screw_Terminal_01x02";;;
13;"J1";"PinHeader_2x01_P2.54mm_Vertical_SMD";1;"Conn_01x02_MountingPin";;;
14;"C7,C8,C1,C3";"C_0603_1608Metric";4;"10 uF";;;
15;"C9,C10,C5,C6";"C_0603_1608Metric";4;"0.1 uF";;;
16;"C2,C4";"C_0603_1608Metric";2;"1 uF";;;
17;"U101,U102";"SOT-23";2;"AO3401A";;;
18;"D101";"D_MiniMELF";1;"D_Zener";;;
19;"U104,U105,U106,U107";"SOT-23-6";4;"SRV05-4";;;
20;"U103";"SOT-23";1;"AO3401";;;
21;"R101,R102,R103";"R_0603_1608Metric";3;"10K";;;
22;"R104";"R_1206_3216Metric";1;"0";;;
